{
	"info": {
		"_postman_id": "62ee25fa-b981-4c0c-a9ec-cfb85c718944",
		"name": "Shipedge Orders",
		"schema": "https://schema.getpostman.com/json/collection/v2.1.0/collection.json"
	},
	"item": [
		{
			"name": "Ping",
			"request": {
				"method": "POST",
				"header": [],
				"body": {
					"mode": "raw",
					"raw": "{\r\n  \"key\": \"lx4q68n1wzutbyr7fvmk0ghoed32pc95\",\r\n  \"warehouse\": \"bx1\",\r\n  \"account_id\": 13\r\n}"
				},
				"url": {
					"raw": "http://gammaintegration.shipedge.com/API/Rest/v2/Orders/ping",
					"protocol": "http",
					"host": [
						"gammaintegration",
						"shipedge",
						"com"
					],
					"path": [
						"API",
						"Rest",
						"v2",
						"Orders",
						"ping"
					]
				}
			},
			"response": []
		},
		{
			"name": "get_orders",
			"request": {
				"method": "POST",
				"header": [],
				"body": {
					"mode": "raw",
					"raw": "{\r\n  \"key\": \"lx4q68n1wzutbyr7fvmk0ghoed32pc95\",\r\n  \"warehouse\": \"bx1\",\r\n  \"account_id\": 13,\r\n  \"page\": 1,\r\n  \"status\": \"pending\"\r\n}"
				},
				"url": {
					"raw": "http://gammaintegration.shipedge.com/API/Rest/v2/Orders/get_orders",
					"protocol": "http",
					"host": [
						"gammaintegration",
						"shipedge",
						"com"
					],
					"path": [
						"API",
						"Rest",
						"v2",
						"Orders",
						"get_orders"
					]
				}
			},
			"response": []
		},
		{
			"name": "get_order",
			"request": {
				"method": "POST",
				"header": [],
				"body": {
					"mode": "raw",
					"raw": "{\r\n  \"key\": \"lx4q68n1wzutbyr7fvmk0ghoed32pc95\",\r\n  \"warehouse\": \"bx1\",\r\n  \"account_id\": 13,\r\n  \"id\": \"47586\"\r\n}"
				},
				"url": {
					"raw": "http://gammaintegration.shipedge.com/API/Rest/v2/Orders/get_order",
					"protocol": "http",
					"host": [
						"gammaintegration",
						"shipedge",
						"com"
					],
					"path": [
						"API",
						"Rest",
						"v2",
						"Orders",
						"get_order"
					]
				}
			},
			"response": []
		},
		{
			"name": "get_total_orders",
			"request": {
				"method": "POST",
				"header": [],
				"body": {
					"mode": "raw",
					"raw": "{\r\n  \"key\": \"lx4q68n1wzutbyr7fvmk0ghoed32pc95\",\r\n  \"warehouse\": \"bx1\",\r\n  \"account_id\": 13,\r\n  \"status\": \"shipped\"\r\n}"
				},
				"url": {
					"raw": "http://gammaintegration.shipedge.com/API/Rest/v2/Orders/get_total_orders",
					"protocol": "http",
					"host": [
						"gammaintegration",
						"shipedge",
						"com"
					],
					"path": [
						"API",
						"Rest",
						"v2",
						"Orders",
						"get_total_orders"
					]
				}
			},
			"response": []
		},
		{
			"name": "get_shipment_in (only Wms)",
			"request": {
				"method": "POST",
				"header": [],
				"body": {
					"mode": "raw",
					"raw": "{\r\n  \"key\": \"lx4q68n1wzutbyr7fvmk0ghoed32pc95\",\r\n  \"warehouse\": \"bx1\",\r\n  \"account_id\": 13,\r\n  \"order_id\": \"1150\"\r\n}"
				},
				"url": {
					"raw": "http://gammaintegration.shipedge.com/API/Rest/v2/Orders/get_shipment_in",
					"protocol": "http",
					"host": [
						"gammaintegration",
						"shipedge",
						"com"
					],
					"path": [
						"API",
						"Rest",
						"v2",
						"Orders",
						"get_shipment_in"
					]
				}
			},
			"response": []
		},
		{
			"name": "cancel_order (dont use)",
			"request": {
				"method": "POST",
				"header": [],
				"body": {
					"mode": "raw",
					"raw": "{\r\n  \"key\": \"lx4q68n1wzutbyr7fvmk0ghoed32pc95\",\r\n  \"warehouse\": \"bx1\",\r\n  \"account_id\": 13,\r\n  \"order_number\": \"\"\r\n}"
				},
				"url": {
					"raw": "http://gammaintegration.shipedge.com/API/Rest/v2/Orders/cancel_order",
					"protocol": "http",
					"host": [
						"gammaintegration",
						"shipedge",
						"com"
					],
					"path": [
						"API",
						"Rest",
						"v2",
						"Orders",
						"cancel_order"
					]
				}
			},
			"response": []
		},
		{
			"name": "add_orders (solo excepcion)",
			"request": {
				"method": "POST",
				"header": [],
				"body": {
					"mode": "raw",
					"raw": "{\r\n  \"key\": \"lx4q68n1wzutbyr7fvmk0ghoed32pc95\",\r\n  \"warehouse\": \"bx1\",\r\n  \"account_id\": 13,\r\n  \"orders\": [\r\n    {\r\n      \"order_number\": \"20\",\r\n      \"reference_number\": \"123\",\r\n      \"order_comments\": \"Comments\",\r\n      \"shipping\": {\r\n        \"method\": \"DROPSHIP\"\r\n      },\r\n      \"customer\":{\r\n        \"email\": \"test@mail.com\",\r\n        \"phone\": \"123345\",\r\n        \"first_name\": \"Luis1\",\r\n        \"last_name\": \"cust Name\",\r\n        \"company\": \"cust Company\",\r\n        \"address1\": \"123 Campbellton\",\r\n        \"address2\": \"cust Address2\",\r\n        \"city\": \"Montague – PE\",\r\n        \"state\": \"PE\",\r\n        \"zip\": \"C0A 1R0\",\r\n        \"country\": \"Canada\"\r\n      },\r\n      \"billing\": {\r\n        \"first_name\": \"Bill FName\",\r\n        \"last_name\": \"Bill LName\",\r\n        \"company\": \"Bill Company\",\r\n        \"address1\": \"Bill Address1\",\r\n        \"address2\": \"Bill Address2\",\r\n        \"city\": \"Los angeles\",\r\n        \"state\": \"CA\",\r\n        \"zip\": \"60915\",\r\n        \"country\": \"USA\"\r\n      },\r\n      \"cod_amount\": \"\",\r\n      \"insurance_amount\": \"NO\",\r\n      \"signature_required\": \"NO\",\r\n      \"residential\": \"YES\",\r\n      \"store_id\": \"\",\r\n      \"release_date\" : \"\",\r\n      \"items\": [\r\n        {\r\n          \"sku\": \"111-01950\",\r\n          \"quantity\": 1,\r\n          \"sold_price\": \"2.2200\",\r\n          \"description\": \"sell by user example\"\r\n        },\r\n        {\r\n          \"sku\": \"111-12301\",\r\n          \"quantity\": 2,\r\n          \"sold_price\": \"3.3333\",\r\n          \"description\": \"sell by user example 3333\"\r\n        }\r\n      ]\r\n    },\r\n    {\r\n      \"order_number\": \"21\",\r\n      \"reference_number\": \"456\",\r\n      \"order_comments\": \"Comments\",\r\n      \"shipping\": {\r\n        \"method\": \"DROPSHIP\"\r\n      },\r\n      \"customer\" : {\r\n        \"email\": \"test@mail.com\",\r\n        \"phone\": \"6789000\",\r\n        \"first_name\": \"Bruce\",\r\n        \"last_name\": \"cust Name\",\r\n        \"company\": \"cust Company\",\r\n        \"address1\": \"123 Campbellton\",\r\n        \"address2\": \"cust Address2\",\r\n        \"city\": \"Montague – PE\",\r\n        \"state\": \"PE\",\r\n        \"zip\": \"C0A 1R0\",\r\n        \"country\": \"Canada\",\r\n        \"comments\": \"\"\r\n      },\r\n      \"billing\":{\r\n        \"first_name\": \"Bill FName\",\r\n        \"last_name\": \"Bill LName\",\r\n        \"company\": \"Bill Company\",\r\n        \"address1\": \"Bill Address1\",\r\n        \"address2\": \"Bill Address2\",\r\n        \"city\": \"Los angeles\",\r\n        \"state\": \"CA\",\r\n        \"zip\": \"60915\",\r\n        \"country\": \"USA\"\r\n      },\r\n      \"cod_amount\": \"\",\r\n      \"insurance_amount\": \"\",\r\n      \"signature_required\": \"NO\",\r\n      \"residential\": \"YES\",\r\n      \"store_id\": \"\",\r\n      \"release_date\" : \"\",\r\n      \"items\": [\r\n        {\r\n          \"sku\": \"AC-F2-F15\",\r\n          \"quantity\": 1,\r\n          \"sold_price\": \"2.2200\",\r\n          \"description\": \"sell by user example\"\r\n        },\r\n        {\r\n          \"sku\": \"AC-F3-F14\",\r\n          \"quantity\": 2,\r\n          \"sold_price\": \"3.3333\",\r\n          \"description\": \"sell by user example 3333\"\r\n        }\r\n      ]\r\n    }\r\n  ]\r\n}"
				},
				"url": {
					"raw": "http://gammaintegration.shipedge.com/API/Rest/v2/Orders/add_orders",
					"protocol": "http",
					"host": [
						"gammaintegration",
						"shipedge",
						"com"
					],
					"path": [
						"API",
						"Rest",
						"v2",
						"Orders",
						"add_orders"
					]
				}
			},
			"response": []
		},
		{
			"name": "get_shipment_out",
			"request": {
				"method": "POST",
				"header": [],
				"body": {
					"mode": "raw",
					"raw": "{\r\n    \"account_id\": 13,\r\n    \"key\": \"lx4q68n1wzutbyr7fvmk0ghoed32pc95\",\r\n    \"warehouse\": \"bx1\",\r\n    \"order_id\": \"1150\"\r\n}"
				},
				"url": {
					"raw": "http://gammaintegration.shipedge.com/API/Rest/v2/Orders/get_shipment_out",
					"protocol": "http",
					"host": [
						"gammaintegration",
						"shipedge",
						"com"
					],
					"path": [
						"API",
						"Rest",
						"v2",
						"Orders",
						"get_shipment_out"
					]
				}
			},
			"response": []
		}
	]
}